INCIDENT_YEAR,SHARK_COMMON_NAME,SHARK_SCIENTIFIC_NAME,INCIDENT_COUNT,,,,,,,,
1791,Tiger Shark,Galeocerdo cuvier ,1,,,,,,,,
1792,Tiger Shark,Galeocerdo cuvier ,0,,,,,,,,
1793,Tiger Shark,Galeocerdo cuvier ,0,,,,,,,,
1794,Tiger Shark,Galeocerdo cuvier ,0,,,,,,,,
1795,Tiger Shark,Galeocerdo cuvier ,0,,,,,,,,
1796,Tiger Shark,Galeocerdo cuvier ,0,,,,,,,,
1797,Tiger Shark,Galeocerdo cuvier ,0,,,,,,,,
1798,Tiger Shark,Galeocerdo cuvier ,0,,,,,,,,
1799,Tiger Shark,Galeocerdo cuvier ,0,,,,,,,,
1800,Tiger Shark,Galeocerdo cuvier ,0,,,,,,,,
1801,Tiger Shark,Galeocerdo cuvier ,0,,,,,,,,
1802,Tiger Shark,Galeocerdo cuvier ,0,,,,,,,,
1803,Tiger Shark,Galeocerdo cuvier ,0,,,,,,,,
1804,Tiger Shark,Galeocerdo cuvier ,0,,,,,,,,
1805,Tiger Shark,Galeocerdo cuvier ,0,,,,,,,,
1806,Tiger Shark,Galeocerdo cuvier ,0,,,,,,,,
1807,Tiger Shark,Galeocerdo cuvier ,0,,,,,,,,
1808,Tiger Shark,Galeocerdo cuvier ,0,,,,,,,,
1809,Tiger Shark,Galeocerdo cuvier ,0,,,,,,,,
1810,Tiger Shark,Galeocerdo cuvier ,0,,,,,,,,
1811,Tiger Shark,Galeocerdo cuvier ,0,,,,,,,,
1812,Tiger Shark,Galeocerdo cuvier ,0,,,,,,,,
1813,Tiger Shark,Galeocerdo cuvier ,0,,,,,,,,
1814,Tiger Shark,Galeocerdo cuvier ,0,,,,,,,,
1815,Tiger Shark,Galeocerdo cuvier ,0,,,,,,,,
1816,Tiger Shark,Galeocerdo cuvier ,0,,,,,,,,
1817,Tiger Shark,Galeocerdo cuvier ,0,,,,,,,,
1818,Tiger Shark,Galeocerdo cuvier ,0,,,,,,,,
1819,Tiger Shark,Galeocerdo cuvier ,0,,,,,,,,
1820,Tiger Shark,Galeocerdo cuvier ,0,,,,,,,,
1821,Tiger Shark,Galeocerdo cuvier ,0,,,,,,,,
1822,Tiger Shark,Galeocerdo cuvier ,0,,,,,,,,
1823,Tiger Shark,Galeocerdo cuvier ,0,,,,,,,,
1824,Tiger Shark,Galeocerdo cuvier ,0,,,,,,,,
1825,Tiger Shark,Galeocerdo cuvier ,0,,,,,,,,
1826,Tiger Shark,Galeocerdo cuvier ,0,,,,,,,,
1827,Tiger Shark,Galeocerdo cuvier ,0,,,,,,,,
1828,Tiger Shark,Galeocerdo cuvier ,0,,,,,,,,
1829,Tiger Shark,Galeocerdo cuvier ,0,,,,,,,,
1830,Tiger Shark,Galeocerdo cuvier ,1,,,,,,,,
1831,Tiger Shark,Galeocerdo cuvier ,0,,,,,,,,
1832,Tiger Shark,Galeocerdo cuvier ,1,,,,,,,,
1833,Tiger Shark,Galeocerdo cuvier ,0,,,,,,,,
1834,Tiger Shark,Galeocerdo cuvier ,0,,,,,,,,
1835,Tiger Shark,Galeocerdo cuvier ,0,,,,,,,,
1836,Tiger Shark,Galeocerdo cuvier ,1,,,,,,,,
1837,Tiger Shark,Galeocerdo cuvier ,0,,,,,,,,
1838,Tiger Shark,Galeocerdo cuvier ,0,,,,,,,,
1839,Tiger Shark,Galeocerdo cuvier ,1,,,,,,,,
1840,Tiger Shark,Galeocerdo cuvier ,0,,,,,,,,
1841,Tiger Shark,Galeocerdo cuvier ,0,,,,,,,,
1842,Tiger Shark,Galeocerdo cuvier ,0,,,,,,,,
1843,Tiger Shark,Galeocerdo cuvier ,0,,,,,,,,
1844,Tiger Shark,Galeocerdo cuvier ,0,,,,,,,,
1845,Tiger Shark,Galeocerdo cuvier ,0,,,,,,,,
1846,Tiger Shark,Galeocerdo cuvier ,0,,,,,,,,
1847,Tiger Shark,Galeocerdo cuvier ,0,,,,,,,,
1848,Tiger Shark,Galeocerdo cuvier ,0,,,,,,,,
1849,Tiger Shark,Galeocerdo cuvier ,2,,,,,,,,
1850,Tiger Shark,Galeocerdo cuvier ,0,,,,,,,,
1851,Tiger Shark,Galeocerdo cuvier ,0,,,,,,,,
1852,Tiger Shark,Galeocerdo cuvier ,0,,,,,,,,
1853,Tiger Shark,Galeocerdo cuvier ,0,,,,,,,,
1854,Tiger Shark,Galeocerdo cuvier ,0,,,,,,,,
1855,Tiger Shark,Galeocerdo cuvier ,0,,,,,,,,
1856,Tiger Shark,Galeocerdo cuvier ,1,,,,,,,,
1857,Tiger Shark,Galeocerdo cuvier ,0,,,,,,,,
1858,Tiger Shark,Galeocerdo cuvier ,1,,,,,,,,
1859,Tiger Shark,Galeocerdo cuvier ,0,,,,,,,,
1860,Tiger Shark,Galeocerdo cuvier ,1,,,,,,,,
1861,Tiger Shark,Galeocerdo cuvier ,0,,,,,,,,
1862,Tiger Shark,Galeocerdo cuvier ,1,,,,,,,,
1863,Tiger Shark,Galeocerdo cuvier ,1,,,,,,,,
1864,Tiger Shark,Galeocerdo cuvier ,0,,,,,,,,
1865,Tiger Shark,Galeocerdo cuvier ,1,,,,,,,,
1866,Tiger Shark,Galeocerdo cuvier ,0,,,,,,,,
1867,Tiger Shark,Galeocerdo cuvier ,0,,,,,,,,
1868,Tiger Shark,Galeocerdo cuvier ,0,,,,,,,,
1869,Tiger Shark,Galeocerdo cuvier ,0,,,,,,,,
1870,Tiger Shark,Galeocerdo cuvier ,0,,,,,,,,
1871,Tiger Shark,Galeocerdo cuvier ,0,,,,,,,,
1872,Tiger Shark,Galeocerdo cuvier ,0,,,,,,,,
1873,Tiger Shark,Galeocerdo cuvier ,1,,,,,,,,
1874,Tiger Shark,Galeocerdo cuvier ,0,,,,,,,,
1875,Tiger Shark,Galeocerdo cuvier ,1,,,,,,,,
1876,Tiger Shark,Galeocerdo cuvier ,2,,,,,,,,
1877,Tiger Shark,Galeocerdo cuvier ,3,,,,,,,,
1878,Tiger Shark,Galeocerdo cuvier ,0,,,,,,,,
1879,Tiger Shark,Galeocerdo cuvier ,1,,,,,,,,
1880,Tiger Shark,Galeocerdo cuvier ,0,,,,,,,,
1881,Tiger Shark,Galeocerdo cuvier ,0,,,,,,,,
1882,Tiger Shark,Galeocerdo cuvier ,1,,,,,,,,
1883,Tiger Shark,Galeocerdo cuvier ,0,,,,,,,,
1884,Tiger Shark,Galeocerdo cuvier ,1,,,,,,,,
1885,Tiger Shark,Galeocerdo cuvier ,1,,,,,,,,
1886,Tiger Shark,Galeocerdo cuvier ,0,,,,,,,,
1887,Tiger Shark,Galeocerdo cuvier ,0,,,,,,,,
1888,Tiger Shark,Galeocerdo cuvier ,0,,,,,,,,
1889,Tiger Shark,Galeocerdo cuvier ,1,,,,,,,,
1890,Tiger Shark,Galeocerdo cuvier ,0,,,,,,,,
1891,Tiger Shark,Galeocerdo cuvier ,0,,,,,,,,
1892,Tiger Shark,Galeocerdo cuvier ,0,,,,,,,,
1893,Tiger Shark,Galeocerdo cuvier ,0,,,,,,,,
1894,Tiger Shark,Galeocerdo cuvier ,1,,,,,,,,
1895,Tiger Shark,Galeocerdo cuvier ,0,,,,,,,,
1896,Tiger Shark,Galeocerdo cuvier ,1,,,,,,,,
1897,Tiger Shark,Galeocerdo cuvier ,0,,,,,,,,
1898,Tiger Shark,Galeocerdo cuvier ,0,,,,,,,,
1899,Tiger Shark,Galeocerdo cuvier ,0,,,,,,,,
1900,Tiger Shark,Galeocerdo cuvier ,0,,,,,,,,
1901,Tiger Shark,Galeocerdo cuvier ,0,,,,,,,,
1902,Tiger Shark,Galeocerdo cuvier ,0,,,,,,,,
1903,Tiger Shark,Galeocerdo cuvier ,0,,,,,,,,
1904,Tiger Shark,Galeocerdo cuvier ,0,,,,,,,,
1905,Tiger Shark,Galeocerdo cuvier ,0,,,,,,,,
1906,Tiger Shark,Galeocerdo cuvier ,0,,,,,,,,
1907,Tiger Shark,Galeocerdo cuvier ,1,,,,,,,,
1908,Tiger Shark,Galeocerdo cuvier ,0,,,,,,,,
1909,Tiger Shark,Galeocerdo cuvier ,0,,,,,,,,
1910,Tiger Shark,Galeocerdo cuvier ,1,,,,,,,,
1911,Tiger Shark,Galeocerdo cuvier ,0,,,,,,,,
1912,Tiger Shark,Galeocerdo cuvier ,2,,,,,,,,
1913,Tiger Shark,Galeocerdo cuvier ,1,,,,,,,,
1914,Tiger Shark,Galeocerdo cuvier ,1,,,,,,,,
1915,Tiger Shark,Galeocerdo cuvier ,0,,,,,,,,
1916,Tiger Shark,Galeocerdo cuvier ,1,,,,,,,,
1917,Tiger Shark,Galeocerdo cuvier ,0,,,,,,,,
1918,Tiger Shark,Galeocerdo cuvier ,1,,,,,,,,
1919,Tiger Shark,Galeocerdo cuvier ,1,,,,,,,,
1920,Tiger Shark,Galeocerdo cuvier ,0,,,,,,,,
1921,Tiger Shark,Galeocerdo cuvier ,0,,,,,,,,
1922,Tiger Shark,Galeocerdo cuvier ,3,,,,,,,,
1923,Tiger Shark,Galeocerdo cuvier ,2,,,,,,,,
1924,Tiger Shark,Galeocerdo cuvier ,3,,,,,,,,
1925,Tiger Shark,Galeocerdo cuvier ,2,,,,,,,,
1926,Tiger Shark,Galeocerdo cuvier ,1,,,,,,,,
1927,Tiger Shark,Galeocerdo cuvier ,1,,,,,,,,
1928,Tiger Shark,Galeocerdo cuvier ,2,,,,,,,,
1929,Tiger Shark,Galeocerdo cuvier ,4,,,,,,,,
1930,Tiger Shark,Galeocerdo cuvier ,1,,,,,,,,
1931,Tiger Shark,Galeocerdo cuvier ,0,,,,,,,,
1932,Tiger Shark,Galeocerdo cuvier ,1,,,,,,,,
1933,Tiger Shark,Galeocerdo cuvier ,0,,,,,,,,
1934,Tiger Shark,Galeocerdo cuvier ,3,,,,,,,,
1935,Tiger Shark,Galeocerdo cuvier ,3,,,,,,,,
1936,Tiger Shark,Galeocerdo cuvier ,3,,,,,,,,
1937,Tiger Shark,Galeocerdo cuvier ,2,,,,,,,,
1938,Tiger Shark,Galeocerdo cuvier ,1,,,,,,,,
1939,Tiger Shark,Galeocerdo cuvier ,0,,,,,,,,
1940,Tiger Shark,Galeocerdo cuvier ,0,,,,,,,,
1941,Tiger Shark,Galeocerdo cuvier ,0,,,,,,,,
1942,Tiger Shark,Galeocerdo cuvier ,1,,,,,,,,
1943,Tiger Shark,Galeocerdo cuvier ,0,,,,,,,,
1944,Tiger Shark,Galeocerdo cuvier ,1,,,,,,,,
1945,Tiger Shark,Galeocerdo cuvier ,0,,,,,,,,
1946,Tiger Shark,Galeocerdo cuvier ,2,,,,,,,,
1947,Tiger Shark,Galeocerdo cuvier ,0,,,,,,,,
1948,Tiger Shark,Galeocerdo cuvier ,0,,,,,,,,
1949,Tiger Shark,Galeocerdo cuvier ,4,,,,,,,,
1950,Tiger Shark,Galeocerdo cuvier ,0,,,,,,,,
1951,Tiger Shark,Galeocerdo cuvier ,2,,,,,,,,
1952,Tiger Shark,Galeocerdo cuvier ,2,,,,,,,,
1953,Tiger Shark,Galeocerdo cuvier ,3,,,,,,,,
1954,Tiger Shark,Galeocerdo cuvier ,1,,,,,,,,
1955,Tiger Shark,Galeocerdo cuvier ,1,,,,,,,,
1956,Tiger Shark,Galeocerdo cuvier ,1,,,,,,,,
1957,Tiger Shark,Galeocerdo cuvier ,2,,,,,,,,
1958,Tiger Shark,Galeocerdo cuvier ,1,,,,,,,,
1959,Tiger Shark,Galeocerdo cuvier ,3,,,,,,,,
1960,Tiger Shark,Galeocerdo cuvier ,1,,,,,,,,
1961,Tiger Shark,Galeocerdo cuvier ,2,,,,,,,,
1962,Tiger Shark,Galeocerdo cuvier ,3,,,,,,,,
1963,Tiger Shark,Galeocerdo cuvier ,2,,,,,,,,
1964,Tiger Shark,Galeocerdo cuvier ,2,,,,,,,,
1965,Tiger Shark,Galeocerdo cuvier ,0,,,,,,,,
1966,Tiger Shark,Galeocerdo cuvier ,3,,,,,,,,
1967,Tiger Shark,Galeocerdo cuvier ,1,,,,,,,,
1968,Tiger Shark,Galeocerdo cuvier ,1,,,,,,,,
1969,Tiger Shark,Galeocerdo cuvier ,0,,,,,,,,
1970,Tiger Shark,Galeocerdo cuvier ,0,,,,,,,,
1971,Tiger Shark,Galeocerdo cuvier ,0,,,,,,,,
1972,Tiger Shark,Galeocerdo cuvier ,4,,,,,,,,
1973,Tiger Shark,Galeocerdo cuvier ,2,,,,,,,,
1974,Tiger Shark,Galeocerdo cuvier ,1,,,,,,,,
1975,Tiger Shark,Galeocerdo cuvier ,5,,,,,,,,
1976,Tiger Shark,Galeocerdo cuvier ,1,,,,,,,,
1977,Tiger Shark,Galeocerdo cuvier ,1,,,,,,,,
1978,Tiger Shark,Galeocerdo cuvier ,2,,,,,,,,
1979,Tiger Shark,Galeocerdo cuvier ,0,,,,,,,,
1980,Tiger Shark,Galeocerdo cuvier ,2,,,,,,,,
1981,Tiger Shark,Galeocerdo cuvier ,0,,,,,,,,
1982,Tiger Shark,Galeocerdo cuvier ,3,,,,,,,,
1983,Tiger Shark,Galeocerdo cuvier ,1,,,,,,,,
1984,Tiger Shark,Galeocerdo cuvier ,3,,,,,,,,
1985,Tiger Shark,Galeocerdo cuvier ,2,,,,,,,,
1986,Tiger Shark,Galeocerdo cuvier ,0,,,,,,,,
1987,Tiger Shark,Galeocerdo cuvier ,3,,,,,,,,
1988,Tiger Shark,Galeocerdo cuvier ,3,,,,,,,,
1989,Tiger Shark,Galeocerdo cuvier ,6,,,,,,,,
1990,Tiger Shark,Galeocerdo cuvier ,2,,,,,,,,
1991,Tiger Shark,Galeocerdo cuvier ,2,,,,,,,,
1992,Tiger Shark,Galeocerdo cuvier ,4,,,,,,,,
1993,Tiger Shark,Galeocerdo cuvier ,4,,,,,,,,
1994,Tiger Shark,Galeocerdo cuvier ,0,,,,,,,,
1995,Tiger Shark,Galeocerdo cuvier ,2,,,,,,,,
1996,Tiger Shark,Galeocerdo cuvier ,1,,,,,,,,
1997,Tiger Shark,Galeocerdo cuvier ,4,,,,,,,,
1998,Tiger Shark,Galeocerdo cuvier ,1,,,,,,,,
1999,Tiger Shark,Galeocerdo cuvier ,3,,,,,,,,
2000,Tiger Shark,Galeocerdo cuvier ,11,,,,,,,,
2001,Tiger Shark,Galeocerdo cuvier ,5,,,,,,,,
2002,Tiger Shark,Galeocerdo cuvier ,2,,,,,,,,
2003,Tiger Shark,Galeocerdo cuvier ,1,,,,,,,,
2004,Tiger Shark,Galeocerdo cuvier ,8,,,,,,,,
2005,Tiger Shark,Galeocerdo cuvier ,9,,,,,,,,
2006,Tiger Shark,Galeocerdo cuvier ,4,,,,,,,,
2007,Tiger Shark,Galeocerdo cuvier ,8,,,,,,,,
2008,Tiger Shark,Galeocerdo cuvier ,7,,,,,,,,
2009,Tiger Shark,Galeocerdo cuvier ,15,,,,,,,,
2010,Tiger Shark,Galeocerdo cuvier ,9,,,,,,,,
2011,Tiger Shark,Galeocerdo cuvier ,7,,,,,,,,
2012,Tiger Shark,Galeocerdo cuvier ,13,,,,,,,,
2013,Tiger Shark,Galeocerdo cuvier ,5,,,,,,,,
2014,Tiger Shark,Galeocerdo cuvier ,11,,,,,,,,
2015,Tiger Shark,Galeocerdo cuvier ,19,,,,,,,,
2016,Tiger Shark,Galeocerdo cuvier ,16,,,,,,,,
2017,Tiger Shark,Galeocerdo cuvier ,8,,,,,,,,
2018,Tiger Shark,Galeocerdo cuvier ,8,,,,,,,,
2019,Tiger Shark,Galeocerdo cuvier ,5,,,,,,,,
2020,Tiger Shark,Galeocerdo cuvier ,13,,,,,,,,
2021,Tiger Shark,Galeocerdo cuvier ,6,,,,,,,,
2022,Tiger Shark,Galeocerdo cuvier ,7,,,,,,,,
2023,Tiger Shark,Galeocerdo cuvier ,5,,,,,,,,
2024,Tiger Shark,Galeocerdo cuvier ,0,,,,,,,,
1791,Great White Shark,Carcharodon carcharias ,1,,,,,,,,
1792,Great White Shark,Carcharodon carcharias ,0,,,,,,,,
1793,Great White Shark,Carcharodon carcharias ,0,,,,,,,,
1794,Great White Shark,Carcharodon carcharias ,0,,,,,,,,
1795,Great White Shark,Carcharodon carcharias ,0,,,,,,,,
1796,Great White Shark,Carcharodon carcharias ,0,,,,,,,,
1797,Great White Shark,Carcharodon carcharias ,0,,,,,,,,
1798,Great White Shark,Carcharodon carcharias ,0,,,,,,,,
1799,Great White Shark,Carcharodon carcharias ,0,,,,,,,,
1800,Great White Shark,Carcharodon carcharias ,0,,,,,,,,
1801,Great White Shark,Carcharodon carcharias ,0,,,,,,,,
1802,Great White Shark,Carcharodon carcharias ,0,,,,,,,,
1803,Great White Shark,Carcharodon carcharias ,0,,,,,,,,
1804,Great White Shark,Carcharodon carcharias ,0,,,,,,,,
1805,Great White Shark,Carcharodon carcharias ,0,,,,,,,,
1806,Great White Shark,Carcharodon carcharias ,0,,,,,,,,
1807,Great White Shark,Carcharodon carcharias ,0,,,,,,,,
1808,Great White Shark,Carcharodon carcharias ,0,,,,,,,,
1809,Great White Shark,Carcharodon carcharias ,0,,,,,,,,
1810,Great White Shark,Carcharodon carcharias ,0,,,,,,,,
1811,Great White Shark,Carcharodon carcharias ,0,,,,,,,,
1812,Great White Shark,Carcharodon carcharias ,0,,,,,,,,
1813,Great White Shark,Carcharodon carcharias ,0,,,,,,,,
1814,Great White Shark,Carcharodon carcharias ,0,,,,,,,,
1815,Great White Shark,Carcharodon carcharias ,0,,,,,,,,
1816,Great White Shark,Carcharodon carcharias ,0,,,,,,,,
1817,Great White Shark,Carcharodon carcharias ,0,,,,,,,,
1818,Great White Shark,Carcharodon carcharias ,0,,,,,,,,
1819,Great White Shark,Carcharodon carcharias ,0,,,,,,,,
1820,Great White Shark,Carcharodon carcharias ,0,,,,,,,,
1821,Great White Shark,Carcharodon carcharias ,0,,,,,,,,
1822,Great White Shark,Carcharodon carcharias ,0,,,,,,,,
1823,Great White Shark,Carcharodon carcharias ,0,,,,,,,,
1824,Great White Shark,Carcharodon carcharias ,0,,,,,,,,
1825,Great White Shark,Carcharodon carcharias ,0,,,,,,,,
1826,Great White Shark,Carcharodon carcharias ,0,,,,,,,,
1827,Great White Shark,Carcharodon carcharias ,0,,,,,,,,
1828,Great White Shark,Carcharodon carcharias ,0,,,,,,,,
1829,Great White Shark,Carcharodon carcharias ,0,,,,,,,,
1830,Great White Shark,Carcharodon carcharias ,1,,,,,,,,
1831,Great White Shark,Carcharodon carcharias ,0,,,,,,,,
1832,Great White Shark,Carcharodon carcharias ,1,,,,,,,,
1833,Great White Shark,Carcharodon carcharias ,0,,,,,,,,
1834,Great White Shark,Carcharodon carcharias ,0,,,,,,,,
1835,Great White Shark,Carcharodon carcharias ,0,,,,,,,,
1836,Great White Shark,Carcharodon carcharias ,1,,,,,,,,
1837,Great White Shark,Carcharodon carcharias ,0,,,,,,,,
1838,Great White Shark,Carcharodon carcharias ,0,,,,,,,,
1839,Great White Shark,Carcharodon carcharias ,1,,,,,,,,
1840,Great White Shark,Carcharodon carcharias ,0,,,,,,,,
1841,Great White Shark,Carcharodon carcharias ,0,,,,,,,,
1842,Great White Shark,Carcharodon carcharias ,0,,,,,,,,
1843,Great White Shark,Carcharodon carcharias ,0,,,,,,,,
1844,Great White Shark,Carcharodon carcharias ,0,,,,,,,,
1845,Great White Shark,Carcharodon carcharias ,0,,,,,,,,
1846,Great White Shark,Carcharodon carcharias ,0,,,,,,,,
1847,Great White Shark,Carcharodon carcharias ,0,,,,,,,,
1848,Great White Shark,Carcharodon carcharias ,0,,,,,,,,
1849,Great White Shark,Carcharodon carcharias ,2,,,,,,,,
1850,Great White Shark,Carcharodon carcharias ,0,,,,,,,,
1851,Great White Shark,Carcharodon carcharias ,0,,,,,,,,
1852,Great White Shark,Carcharodon carcharias ,0,,,,,,,,
1853,Great White Shark,Carcharodon carcharias ,0,,,,,,,,
1854,Great White Shark,Carcharodon carcharias ,0,,,,,,,,
1855,Great White Shark,Carcharodon carcharias ,0,,,,,,,,
1856,Great White Shark,Carcharodon carcharias ,1,,,,,,,,
1857,Great White Shark,Carcharodon carcharias ,0,,,,,,,,
1858,Great White Shark,Carcharodon carcharias ,1,,,,,,,,
1859,Great White Shark,Carcharodon carcharias ,0,,,,,,,,
1860,Great White Shark,Carcharodon carcharias ,1,,,,,,,,
1861,Great White Shark,Carcharodon carcharias ,0,,,,,,,,
1862,Great White Shark,Carcharodon carcharias ,1,,,,,,,,
1863,Great White Shark,Carcharodon carcharias ,1,,,,,,,,
1864,Great White Shark,Carcharodon carcharias ,0,,,,,,,,
1865,Great White Shark,Carcharodon carcharias ,1,,,,,,,,
1866,Great White Shark,Carcharodon carcharias ,0,,,,,,,,
1867,Great White Shark,Carcharodon carcharias ,0,,,,,,,,
1868,Great White Shark,Carcharodon carcharias ,0,,,,,,,,
1869,Great White Shark,Carcharodon carcharias ,0,,,,,,,,
1870,Great White Shark,Carcharodon carcharias ,0,,,,,,,,
1871,Great White Shark,Carcharodon carcharias ,0,,,,,,,,
1872,Great White Shark,Carcharodon carcharias ,0,,,,,,,,
1873,Great White Shark,Carcharodon carcharias ,1,,,,,,,,
1874,Great White Shark,Carcharodon carcharias ,0,,,,,,,,
1875,Great White Shark,Carcharodon carcharias ,1,,,,,,,,
1876,Great White Shark,Carcharodon carcharias ,2,,,,,,,,
1877,Great White Shark,Carcharodon carcharias ,3,,,,,,,,
1878,Great White Shark,Carcharodon carcharias ,0,,,,,,,,
1879,Great White Shark,Carcharodon carcharias ,1,,,,,,,,
1880,Great White Shark,Carcharodon carcharias ,0,,,,,,,,
1881,Great White Shark,Carcharodon carcharias ,0,,,,,,,,
1882,Great White Shark,Carcharodon carcharias ,1,,,,,,,,
1883,Great White Shark,Carcharodon carcharias ,0,,,,,,,,
1884,Great White Shark,Carcharodon carcharias ,1,,,,,,,,
1885,Great White Shark,Carcharodon carcharias ,1,,,,,,,,
1886,Great White Shark,Carcharodon carcharias ,0,,,,,,,,
1887,Great White Shark,Carcharodon carcharias ,0,,,,,,,,
1888,Great White Shark,Carcharodon carcharias ,0,,,,,,,,
1889,Great White Shark,Carcharodon carcharias ,1,,,,,,,,
1890,Great White Shark,Carcharodon carcharias ,0,,,,,,,,
1891,Great White Shark,Carcharodon carcharias ,0,,,,,,,,
1892,Great White Shark,Carcharodon carcharias ,0,,,,,,,,
1893,Great White Shark,Carcharodon carcharias ,0,,,,,,,,
1894,Great White Shark,Carcharodon carcharias ,1,,,,,,,,
1895,Great White Shark,Carcharodon carcharias ,0,,,,,,,,
1896,Great White Shark,Carcharodon carcharias ,1,,,,,,,,
1897,Great White Shark,Carcharodon carcharias ,0,,,,,,,,
1898,Great White Shark,Carcharodon carcharias ,0,,,,,,,,
1899,Great White Shark,Carcharodon carcharias ,0,,,,,,,,
1900,Great White Shark,Carcharodon carcharias ,0,,,,,,,,
1901,Great White Shark,Carcharodon carcharias ,0,,,,,,,,
1902,Great White Shark,Carcharodon carcharias ,0,,,,,,,,
1903,Great White Shark,Carcharodon carcharias ,0,,,,,,,,
1904,Great White Shark,Carcharodon carcharias ,0,,,,,,,,
1905,Great White Shark,Carcharodon carcharias ,0,,,,,,,,
1906,Great White Shark,Carcharodon carcharias ,0,,,,,,,,
1907,Great White Shark,Carcharodon carcharias ,1,,,,,,,,
1908,Great White Shark,Carcharodon carcharias ,0,,,,,,,,
1909,Great White Shark,Carcharodon carcharias ,0,,,,,,,,
1910,Great White Shark,Carcharodon carcharias ,1,,,,,,,,
1911,Great White Shark,Carcharodon carcharias ,0,,,,,,,,
1912,Great White Shark,Carcharodon carcharias ,2,,,,,,,,
1913,Great White Shark,Carcharodon carcharias ,1,,,,,,,,
1914,Great White Shark,Carcharodon carcharias ,1,,,,,,,,
1915,Great White Shark,Carcharodon carcharias ,0,,,,,,,,
1916,Great White Shark,Carcharodon carcharias ,1,,,,,,,,
1917,Great White Shark,Carcharodon carcharias ,0,,,,,,,,
1918,Great White Shark,Carcharodon carcharias ,1,,,,,,,,
1919,Great White Shark,Carcharodon carcharias ,1,,,,,,,,
1920,Great White Shark,Carcharodon carcharias ,0,,,,,,,,
1921,Great White Shark,Carcharodon carcharias ,0,,,,,,,,
1922,Great White Shark,Carcharodon carcharias ,3,,,,,,,,
1923,Great White Shark,Carcharodon carcharias ,2,,,,,,,,
1924,Great White Shark,Carcharodon carcharias ,3,,,,,,,,
1925,Great White Shark,Carcharodon carcharias ,2,,,,,,,,
1926,Great White Shark,Carcharodon carcharias ,1,,,,,,,,
1927,Great White Shark,Carcharodon carcharias ,1,,,,,,,,
1928,Great White Shark,Carcharodon carcharias ,2,,,,,,,,
1929,Great White Shark,Carcharodon carcharias ,4,,,,,,,,
1930,Great White Shark,Carcharodon carcharias ,1,,,,,,,,
1931,Great White Shark,Carcharodon carcharias ,0,,,,,,,,
1932,Great White Shark,Carcharodon carcharias ,1,,,,,,,,
1933,Great White Shark,Carcharodon carcharias ,0,,,,,,,,
1934,Great White Shark,Carcharodon carcharias ,3,,,,,,,,
1935,Great White Shark,Carcharodon carcharias ,3,,,,,,,,
1936,Great White Shark,Carcharodon carcharias ,3,,,,,,,,
1937,Great White Shark,Carcharodon carcharias ,2,,,,,,,,
1938,Great White Shark,Carcharodon carcharias ,1,,,,,,,,
1939,Great White Shark,Carcharodon carcharias ,0,,,,,,,,
1940,Great White Shark,Carcharodon carcharias ,0,,,,,,,,
1941,Great White Shark,Carcharodon carcharias ,0,,,,,,,,
1942,Great White Shark,Carcharodon carcharias ,1,,,,,,,,
1943,Great White Shark,Carcharodon carcharias ,0,,,,,,,,
1944,Great White Shark,Carcharodon carcharias ,1,,,,,,,,
1945,Great White Shark,Carcharodon carcharias ,0,,,,,,,,
1946,Great White Shark,Carcharodon carcharias ,2,,,,,,,,
1947,Great White Shark,Carcharodon carcharias ,0,,,,,,,,
1948,Great White Shark,Carcharodon carcharias ,0,,,,,,,,
1949,Great White Shark,Carcharodon carcharias ,4,,,,,,,,
1950,Great White Shark,Carcharodon carcharias ,0,,,,,,,,
1951,Great White Shark,Carcharodon carcharias ,2,,,,,,,,
1952,Great White Shark,Carcharodon carcharias ,2,,,,,,,,
1953,Great White Shark,Carcharodon carcharias ,3,,,,,,,,
1954,Great White Shark,Carcharodon carcharias ,1,,,,,,,,
1955,Great White Shark,Carcharodon carcharias ,1,,,,,,,,
1956,Great White Shark,Carcharodon carcharias ,1,,,,,,,,
1957,Great White Shark,Carcharodon carcharias ,2,,,,,,,,
1958,Great White Shark,Carcharodon carcharias ,1,,,,,,,,
1959,Great White Shark,Carcharodon carcharias ,3,,,,,,,,
1960,Great White Shark,Carcharodon carcharias ,1,,,,,,,,
1961,Great White Shark,Carcharodon carcharias ,2,,,,,,,,
1962,Great White Shark,Carcharodon carcharias ,3,,,,,,,,
1963,Great White Shark,Carcharodon carcharias ,2,,,,,,,,
1964,Great White Shark,Carcharodon carcharias ,2,,,,,,,,
1965,Great White Shark,Carcharodon carcharias ,0,,,,,,,,
1966,Great White Shark,Carcharodon carcharias ,3,,,,,,,,
1967,Great White Shark,Carcharodon carcharias ,1,,,,,,,,
1968,Great White Shark,Carcharodon carcharias ,1,,,,,,,,
1969,Great White Shark,Carcharodon carcharias ,0,,,,,,,,
1970,Great White Shark,Carcharodon carcharias ,0,,,,,,,,
1971,Great White Shark,Carcharodon carcharias ,0,,,,,,,,
1972,Great White Shark,Carcharodon carcharias ,4,,,,,,,,
1973,Great White Shark,Carcharodon carcharias ,2,,,,,,,,
1974,Great White Shark,Carcharodon carcharias ,1,,,,,,,,
1975,Great White Shark,Carcharodon carcharias ,5,,,,,,,,
1976,Great White Shark,Carcharodon carcharias ,1,,,,,,,,
1977,Great White Shark,Carcharodon carcharias ,1,,,,,,,,
1978,Great White Shark,Carcharodon carcharias ,2,,,,,,,,
1979,Great White Shark,Carcharodon carcharias ,0,,,,,,,,
1980,Great White Shark,Carcharodon carcharias ,2,,,,,,,,
1981,Great White Shark,Carcharodon carcharias ,0,,,,,,,,
1982,Great White Shark,Carcharodon carcharias ,3,,,,,,,,
1983,Great White Shark,Carcharodon carcharias ,1,,,,,,,,
1984,Great White Shark,Carcharodon carcharias ,3,,,,,,,,
1985,Great White Shark,Carcharodon carcharias ,2,,,,,,,,
1986,Great White Shark,Carcharodon carcharias ,0,,,,,,,,
1987,Great White Shark,Carcharodon carcharias ,3,,,,,,,,
1988,Great White Shark,Carcharodon carcharias ,3,,,,,,,,
1989,Great White Shark,Carcharodon carcharias ,6,,,,,,,,
1990,Great White Shark,Carcharodon carcharias ,2,,,,,,,,
1991,Great White Shark,Carcharodon carcharias ,2,,,,,,,,
1992,Great White Shark,Carcharodon carcharias ,4,,,,,,,,
1993,Great White Shark,Carcharodon carcharias ,4,,,,,,,,
1994,Great White Shark,Carcharodon carcharias ,0,,,,,,,,
1995,Great White Shark,Carcharodon carcharias ,2,,,,,,,,
1996,Great White Shark,Carcharodon carcharias ,1,,,,,,,,
1997,Great White Shark,Carcharodon carcharias ,4,,,,,,,,
1998,Great White Shark,Carcharodon carcharias ,1,,,,,,,,
1999,Great White Shark,Carcharodon carcharias ,3,,,,,,,,
2000,Great White Shark,Carcharodon carcharias ,11,,,,,,,,
2001,Great White Shark,Carcharodon carcharias ,5,,,,,,,,
2002,Great White Shark,Carcharodon carcharias ,2,,,,,,,,
2003,Great White Shark,Carcharodon carcharias ,1,,,,,,,,
2004,Great White Shark,Carcharodon carcharias ,8,,,,,,,,
2005,Great White Shark,Carcharodon carcharias ,9,,,,,,,,
2006,Great White Shark,Carcharodon carcharias ,4,,,,,,,,
2007,Great White Shark,Carcharodon carcharias ,8,,,,,,,,
2008,Great White Shark,Carcharodon carcharias ,7,,,,,,,,
2009,Great White Shark,Carcharodon carcharias ,15,,,,,,,,
2010,Great White Shark,Carcharodon carcharias ,9,,,,,,,,
2011,Great White Shark,Carcharodon carcharias ,7,,,,,,,,
2012,Great White Shark,Carcharodon carcharias ,13,,,,,,,,
2013,Great White Shark,Carcharodon carcharias ,5,,,,,,,,
2014,Great White Shark,Carcharodon carcharias ,11,,,,,,,,
2015,Great White Shark,Carcharodon carcharias ,19,,,,,,,,
2016,Great White Shark,Carcharodon carcharias ,16,,,,,,,,
2017,Great White Shark,Carcharodon carcharias ,8,,,,,,,,
2018,Great White Shark,Carcharodon carcharias ,8,,,,,,,,
2019,Great White Shark,Carcharodon carcharias ,5,,,,,,,,
2020,Great White Shark,Carcharodon carcharias ,13,,,,,,,,
2021,Great White Shark,Carcharodon carcharias ,6,,,,,,,,
2022,Great White Shark,Carcharodon carcharias ,7,,,,,,,,
2023,Great White Shark,Carcharodon carcharias ,5,,,,,,,,
2024,Great White Shark,Carcharodon carcharias ,0,,,,,,,,
1791,Wobbegong Shark,Orectolobidae,0,,,,,,,,
1792,Wobbegong Shark,Orectolobidae,0,,,,,,,,
1793,Wobbegong Shark,Orectolobidae,0,,,,,,,,
1794,Wobbegong Shark,Orectolobidae,0,,,,,,,,
1795,Wobbegong Shark,Orectolobidae,0,,,,,,,,
1796,Wobbegong Shark,Orectolobidae,0,,,,,,,,
1797,Wobbegong Shark,Orectolobidae,0,,,,,,,,
1798,Wobbegong Shark,Orectolobidae,0,,,,,,,,
1799,Wobbegong Shark,Orectolobidae,0,,,,,,,,
1800,Wobbegong Shark,Orectolobidae,0,,,,,,,,
1801,Wobbegong Shark,Orectolobidae,0,,,,,,,,
1802,Wobbegong Shark,Orectolobidae,0,,,,,,,,
1803,Wobbegong Shark,Orectolobidae,0,,,,,,,,
1804,Wobbegong Shark,Orectolobidae,0,,,,,,,,
1805,Wobbegong Shark,Orectolobidae,0,,,,,,,,
1806,Wobbegong Shark,Orectolobidae,0,,,,,,,,
1807,Wobbegong Shark,Orectolobidae,0,,,,,,,,
1808,Wobbegong Shark,Orectolobidae,0,,,,,,,,
1809,Wobbegong Shark,Orectolobidae,0,,,,,,,,
1810,Wobbegong Shark,Orectolobidae,0,,,,,,,,
1811,Wobbegong Shark,Orectolobidae,0,,,,,,,,
1812,Wobbegong Shark,Orectolobidae,0,,,,,,,,
1813,Wobbegong Shark,Orectolobidae,0,,,,,,,,
1814,Wobbegong Shark,Orectolobidae,0,,,,,,,,
1815,Wobbegong Shark,Orectolobidae,0,,,,,,,,
1816,Wobbegong Shark,Orectolobidae,0,,,,,,,,
1817,Wobbegong Shark,Orectolobidae,0,,,,,,,,
1818,Wobbegong Shark,Orectolobidae,0,,,,,,,,
1819,Wobbegong Shark,Orectolobidae,0,,,,,,,,
1820,Wobbegong Shark,Orectolobidae,0,,,,,,,,
1821,Wobbegong Shark,Orectolobidae,0,,,,,,,,
1822,Wobbegong Shark,Orectolobidae,0,,,,,,,,
1823,Wobbegong Shark,Orectolobidae,0,,,,,,,,
1824,Wobbegong Shark,Orectolobidae,0,,,,,,,,
1825,Wobbegong Shark,Orectolobidae,0,,,,,,,,
1826,Wobbegong Shark,Orectolobidae,0,,,,,,,,
1827,Wobbegong Shark,Orectolobidae,0,,,,,,,,
1828,Wobbegong Shark,Orectolobidae,0,,,,,,,,
1829,Wobbegong Shark,Orectolobidae,0,,,,,,,,
1830,Wobbegong Shark,Orectolobidae,0,,,,,,,,
1831,Wobbegong Shark,Orectolobidae,0,,,,,,,,
1832,Wobbegong Shark,Orectolobidae,0,,,,,,,,
1833,Wobbegong Shark,Orectolobidae,0,,,,,,,,
1834,Wobbegong Shark,Orectolobidae,0,,,,,,,,
1835,Wobbegong Shark,Orectolobidae,0,,,,,,,,
1836,Wobbegong Shark,Orectolobidae,0,,,,,,,,
1837,Wobbegong Shark,Orectolobidae,0,,,,,,,,
1838,Wobbegong Shark,Orectolobidae,0,,,,,,,,
1839,Wobbegong Shark,Orectolobidae,0,,,,,,,,
1840,Wobbegong Shark,Orectolobidae,0,,,,,,,,
1841,Wobbegong Shark,Orectolobidae,0,,,,,,,,
1842,Wobbegong Shark,Orectolobidae,0,,,,,,,,
1843,Wobbegong Shark,Orectolobidae,0,,,,,,,,
1844,Wobbegong Shark,Orectolobidae,0,,,,,,,,
1845,Wobbegong Shark,Orectolobidae,0,,,,,,,,
1846,Wobbegong Shark,Orectolobidae,0,,,,,,,,
1847,Wobbegong Shark,Orectolobidae,0,,,,,,,,
1848,Wobbegong Shark,Orectolobidae,0,,,,,,,,
1849,Wobbegong Shark,Orectolobidae,0,,,,,,,,
1850,Wobbegong Shark,Orectolobidae,0,,,,,,,,
1851,Wobbegong Shark,Orectolobidae,0,,,,,,,,
1852,Wobbegong Shark,Orectolobidae,0,,,,,,,,
1853,Wobbegong Shark,Orectolobidae,1,,,,,,,,
1854,Wobbegong Shark,Orectolobidae,0,,,,,,,,
1855,Wobbegong Shark,Orectolobidae,0,,,,,,,,
1856,Wobbegong Shark,Orectolobidae,1,,,,,,,,
1857,Wobbegong Shark,Orectolobidae,0,,,,,,,,
1858,Wobbegong Shark,Orectolobidae,0,,,,,,,,
1859,Wobbegong Shark,Orectolobidae,0,,,,,,,,
1860,Wobbegong Shark,Orectolobidae,0,,,,,,,,
1861,Wobbegong Shark,Orectolobidae,1,,,,,,,,
1862,Wobbegong Shark,Orectolobidae,0,,,,,,,,
1863,Wobbegong Shark,Orectolobidae,0,,,,,,,,
1864,Wobbegong Shark,Orectolobidae,0,,,,,,,,
1865,Wobbegong Shark,Orectolobidae,0,,,,,,,,
1866,Wobbegong Shark,Orectolobidae,0,,,,,,,,
1867,Wobbegong Shark,Orectolobidae,0,,,,,,,,
1868,Wobbegong Shark,Orectolobidae,0,,,,,,,,
1869,Wobbegong Shark,Orectolobidae,0,,,,,,,,
1870,Wobbegong Shark,Orectolobidae,0,,,,,,,,
1871,Wobbegong Shark,Orectolobidae,0,,,,,,,,
1872,Wobbegong Shark,Orectolobidae,0,,,,,,,,
1873,Wobbegong Shark,Orectolobidae,0,,,,,,,,
1874,Wobbegong Shark,Orectolobidae,1,,,,,,,,
1875,Wobbegong Shark,Orectolobidae,0,,,,,,,,
1876,Wobbegong Shark,Orectolobidae,0,,,,,,,,
1877,Wobbegong Shark,Orectolobidae,0,,,,,,,,
1878,Wobbegong Shark,Orectolobidae,1,,,,,,,,
1879,Wobbegong Shark,Orectolobidae,0,,,,,,,,
1880,Wobbegong Shark,Orectolobidae,0,,,,,,,,
1881,Wobbegong Shark,Orectolobidae,0,,,,,,,,
1882,Wobbegong Shark,Orectolobidae,1,,,,,,,,
1883,Wobbegong Shark,Orectolobidae,0,,,,,,,,
1884,Wobbegong Shark,Orectolobidae,0,,,,,,,,
1885,Wobbegong Shark,Orectolobidae,0,,,,,,,,
1886,Wobbegong Shark,Orectolobidae,0,,,,,,,,
1887,Wobbegong Shark,Orectolobidae,0,,,,,,,,
1888,Wobbegong Shark,Orectolobidae,0,,,,,,,,
1889,Wobbegong Shark,Orectolobidae,0,,,,,,,,
1890,Wobbegong Shark,Orectolobidae,0,,,,,,,,
1891,Wobbegong Shark,Orectolobidae,2,,,,,,,,
1892,Wobbegong Shark,Orectolobidae,0,,,,,,,,
1893,Wobbegong Shark,Orectolobidae,1,,,,,,,,
1894,Wobbegong Shark,Orectolobidae,0,,,,,,,,
1895,Wobbegong Shark,Orectolobidae,0,,,,,,,,
1896,Wobbegong Shark,Orectolobidae,0,,,,,,,,
1897,Wobbegong Shark,Orectolobidae,0,,,,,,,,
1898,Wobbegong Shark,Orectolobidae,0,,,,,,,,
1899,Wobbegong Shark,Orectolobidae,0,,,,,,,,
1900,Wobbegong Shark,Orectolobidae,0,,,,,,,,
1901,Wobbegong Shark,Orectolobidae,1,,,,,,,,
1902,Wobbegong Shark,Orectolobidae,0,,,,,,,,
1903,Wobbegong Shark,Orectolobidae,0,,,,,,,,
1904,Wobbegong Shark,Orectolobidae,0,,,,,,,,
1905,Wobbegong Shark,Orectolobidae,0,,,,,,,,
1906,Wobbegong Shark,Orectolobidae,1,,,,,,,,
1907,Wobbegong Shark,Orectolobidae,0,,,,,,,,
1908,Wobbegong Shark,Orectolobidae,0,,,,,,,,
1909,Wobbegong Shark,Orectolobidae,0,,,,,,,,
1910,Wobbegong Shark,Orectolobidae,0,,,,,,,,
1911,Wobbegong Shark,Orectolobidae,0,,,,,,,,
1912,Wobbegong Shark,Orectolobidae,1,,,,,,,,
1913,Wobbegong Shark,Orectolobidae,0,,,,,,,,
1914,Wobbegong Shark,Orectolobidae,3,,,,,,,,
1915,Wobbegong Shark,Orectolobidae,1,,,,,,,,
1916,Wobbegong Shark,Orectolobidae,1,,,,,,,,
1917,Wobbegong Shark,Orectolobidae,0,,,,,,,,
1918,Wobbegong Shark,Orectolobidae,2,,,,,,,,
1919,Wobbegong Shark,Orectolobidae,1,,,,,,,,
1920,Wobbegong Shark,Orectolobidae,4,,,,,,,,
1921,Wobbegong Shark,Orectolobidae,0,,,,,,,,
1922,Wobbegong Shark,Orectolobidae,0,,,,,,,,
1923,Wobbegong Shark,Orectolobidae,1,,,,,,,,
1924,Wobbegong Shark,Orectolobidae,1,,,,,,,,
1925,Wobbegong Shark,Orectolobidae,0,,,,,,,,
1926,Wobbegong Shark,Orectolobidae,0,,,,,,,,
1927,Wobbegong Shark,Orectolobidae,0,,,,,,,,
1928,Wobbegong Shark,Orectolobidae,0,,,,,,,,
1929,Wobbegong Shark,Orectolobidae,5,,,,,,,,
1930,Wobbegong Shark,Orectolobidae,1,,,,,,,,
1931,Wobbegong Shark,Orectolobidae,1,,,,,,,,
1932,Wobbegong Shark,Orectolobidae,1,,,,,,,,
1933,Wobbegong Shark,Orectolobidae,1,,,,,,,,
1934,Wobbegong Shark,Orectolobidae,0,,,,,,,,
1935,Wobbegong Shark,Orectolobidae,0,,,,,,,,
1936,Wobbegong Shark,Orectolobidae,2,,,,,,,,
1937,Wobbegong Shark,Orectolobidae,1,,,,,,,,
1938,Wobbegong Shark,Orectolobidae,1,,,,,,,,
1939,Wobbegong Shark,Orectolobidae,0,,,,,,,,
1940,Wobbegong Shark,Orectolobidae,1,,,,,,,,
1941,Wobbegong Shark,Orectolobidae,0,,,,,,,,
1942,Wobbegong Shark,Orectolobidae,0,,,,,,,,
1943,Wobbegong Shark,Orectolobidae,0,,,,,,,,
1944,Wobbegong Shark,Orectolobidae,0,,,,,,,,
1945,Wobbegong Shark,Orectolobidae,1,,,,,,,,
1946,Wobbegong Shark,Orectolobidae,0,,,,,,,,
1947,Wobbegong Shark,Orectolobidae,0,,,,,,,,
1948,Wobbegong Shark,Orectolobidae,1,,,,,,,,
1949,Wobbegong Shark,Orectolobidae,2,,,,,,,,
1950,Wobbegong Shark,Orectolobidae,1,,,,,,,,
1951,Wobbegong Shark,Orectolobidae,1,,,,,,,,
1952,Wobbegong Shark,Orectolobidae,2,,,,,,,,
1953,Wobbegong Shark,Orectolobidae,3,,,,,,,,
1954,Wobbegong Shark,Orectolobidae,1,,,,,,,,
1955,Wobbegong Shark,Orectolobidae,1,,,,,,,,
1956,Wobbegong Shark,Orectolobidae,2,,,,,,,,
1957,Wobbegong Shark,Orectolobidae,1,,,,,,,,
1958,Wobbegong Shark,Orectolobidae,2,,,,,,,,
1959,Wobbegong Shark,Orectolobidae,1,,,,,,,,
1960,Wobbegong Shark,Orectolobidae,1,,,,,,,,
1961,Wobbegong Shark,Orectolobidae,2,,,,,,,,
1962,Wobbegong Shark,Orectolobidae,1,,,,,,,,
1963,Wobbegong Shark,Orectolobidae,0,,,,,,,,
1964,Wobbegong Shark,Orectolobidae,1,,,,,,,,
1965,Wobbegong Shark,Orectolobidae,2,,,,,,,,
1966,Wobbegong Shark,Orectolobidae,2,,,,,,,,
1967,Wobbegong Shark,Orectolobidae,0,,,,,,,,
1968,Wobbegong Shark,Orectolobidae,0,,,,,,,,
1969,Wobbegong Shark,Orectolobidae,1,,,,,,,,
1970,Wobbegong Shark,Orectolobidae,0,,,,,,,,
1971,Wobbegong Shark,Orectolobidae,0,,,,,,,,
1972,Wobbegong Shark,Orectolobidae,0,,,,,,,,
1973,Wobbegong Shark,Orectolobidae,0,,,,,,,,
1974,Wobbegong Shark,Orectolobidae,1,,,,,,,,
1975,Wobbegong Shark,Orectolobidae,2,,,,,,,,
1976,Wobbegong Shark,Orectolobidae,0,,,,,,,,
1977,Wobbegong Shark,Orectolobidae,0,,,,,,,,
1978,Wobbegong Shark,Orectolobidae,0,,,,,,,,
1979,Wobbegong Shark,Orectolobidae,0,,,,,,,,
1980,Wobbegong Shark,Orectolobidae,1,,,,,,,,
1981,Wobbegong Shark,Orectolobidae,2,,,,,,,,
1982,Wobbegong Shark,Orectolobidae,0,,,,,,,,
1983,Wobbegong Shark,Orectolobidae,0,,,,,,,,
1984,Wobbegong Shark,Orectolobidae,1,,,,,,,,
1985,Wobbegong Shark,Orectolobidae,2,,,,,,,,
1986,Wobbegong Shark,Orectolobidae,3,,,,,,,,
1987,Wobbegong Shark,Orectolobidae,2,,,,,,,,
1988,Wobbegong Shark,Orectolobidae,0,,,,,,,,
1989,Wobbegong Shark,Orectolobidae,3,,,,,,,,
1990,Wobbegong Shark,Orectolobidae,1,,,,,,,,
1991,Wobbegong Shark,Orectolobidae,0,,,,,,,,
1992,Wobbegong Shark,Orectolobidae,0,,,,,,,,
1993,Wobbegong Shark,Orectolobidae,0,,,,,,,,
1994,Wobbegong Shark,Orectolobidae,2,,,,,,,,
1995,Wobbegong Shark,Orectolobidae,2,,,,,,,,
1996,Wobbegong Shark,Orectolobidae,6,,,,,,,,
1997,Wobbegong Shark,Orectolobidae,2,,,,,,,,
1998,Wobbegong Shark,Orectolobidae,5,,,,,,,,
1999,Wobbegong Shark,Orectolobidae,1,,,,,,,,
2000,Wobbegong Shark,Orectolobidae,3,,,,,,,,
2001,Wobbegong Shark,Orectolobidae,4,,,,,,,,
2002,Wobbegong Shark,Orectolobidae,2,,,,,,,,
2003,Wobbegong Shark,Orectolobidae,8,,,,,,,,
2004,Wobbegong Shark,Orectolobidae,9,,,,,,,,
2005,Wobbegong Shark,Orectolobidae,1,,,,,,,,
2006,Wobbegong Shark,Orectolobidae,3,,,,,,,,
2007,Wobbegong Shark,Orectolobidae,3,,,,,,,,
2008,Wobbegong Shark,Orectolobidae,5,,,,,,,,
2009,Wobbegong Shark,Orectolobidae,4,,,,,,,,
2010,Wobbegong Shark,Orectolobidae,2,,,,,,,,
2011,Wobbegong Shark,Orectolobidae,3,,,,,,,,
2012,Wobbegong Shark,Orectolobidae,2,,,,,,,,
2013,Wobbegong Shark,Orectolobidae,5,,,,,,,,
2014,Wobbegong Shark,Orectolobidae,8,,,,,,,,
2015,Wobbegong Shark,Orectolobidae,4,,,,,,,,
2016,Wobbegong Shark,Orectolobidae,3,,,,,,,,
2017,Wobbegong Shark,Orectolobidae,2,,,,,,,,
2018,Wobbegong Shark,Orectolobidae,8,,,,,,,,
2019,Wobbegong Shark,Orectolobidae,2,,,,,,,,
2020,Wobbegong Shark,Orectolobidae,3,,,,,,,,
2021,Wobbegong Shark,Orectolobidae,6,,,,,,,,
2022,Wobbegong Shark,Orectolobidae,6,,,,,,,,
2023,Wobbegong Shark,Orectolobidae,1,,,,,,,,
2024,Wobbegong Shark,Orectolobidae,0,,,,,,,,
1791,Bull Shark,Carcharhinus leucas,0,,,,,,,,
1792,Bull Shark,Carcharhinus leucas,0,,,,,,,,
1793,Bull Shark,Carcharhinus leucas,0,,,,,,,,
1794,Bull Shark,Carcharhinus leucas,0,,,,,,,,
1795,Bull Shark,Carcharhinus leucas,0,,,,,,,,
1796,Bull Shark,Carcharhinus leucas,0,,,,,,,,
1797,Bull Shark,Carcharhinus leucas,0,,,,,,,,
1798,Bull Shark,Carcharhinus leucas,0,,,,,,,,
1799,Bull Shark,Carcharhinus leucas,0,,,,,,,,
1800,Bull Shark,Carcharhinus leucas,0,,,,,,,,
1801,Bull Shark,Carcharhinus leucas,0,,,,,,,,
1802,Bull Shark,Carcharhinus leucas,0,,,,,,,,
1803,Bull Shark,Carcharhinus leucas,0,,,,,,,,
1804,Bull Shark,Carcharhinus leucas,0,,,,,,,,
1805,Bull Shark,Carcharhinus leucas,0,,,,,,,,
1806,Bull Shark,Carcharhinus leucas,0,,,,,,,,
1807,Bull Shark,Carcharhinus leucas,1,,,,,,,,
1808,Bull Shark,Carcharhinus leucas,0,,,,,,,,
1809,Bull Shark,Carcharhinus leucas,0,,,,,,,,
1810,Bull Shark,Carcharhinus leucas,0,,,,,,,,
1811,Bull Shark,Carcharhinus leucas,0,,,,,,,,
1812,Bull Shark,Carcharhinus leucas,0,,,,,,,,
1813,Bull Shark,Carcharhinus leucas,0,,,,,,,,
1814,Bull Shark,Carcharhinus leucas,0,,,,,,,,
1815,Bull Shark,Carcharhinus leucas,0,,,,,,,,
1816,Bull Shark,Carcharhinus leucas,0,,,,,,,,
1817,Bull Shark,Carcharhinus leucas,0,,,,,,,,
1818,Bull Shark,Carcharhinus leucas,0,,,,,,,,
1819,Bull Shark,Carcharhinus leucas,0,,,,,,,,
1820,Bull Shark,Carcharhinus leucas,0,,,,,,,,
1821,Bull Shark,Carcharhinus leucas,0,,,,,,,,
1822,Bull Shark,Carcharhinus leucas,0,,,,,,,,
1823,Bull Shark,Carcharhinus leucas,0,,,,,,,,
1824,Bull Shark,Carcharhinus leucas,0,,,,,,,,
1825,Bull Shark,Carcharhinus leucas,1,,,,,,,,
1826,Bull Shark,Carcharhinus leucas,0,,,,,,,,
1827,Bull Shark,Carcharhinus leucas,0,,,,,,,,
1828,Bull Shark,Carcharhinus leucas,0,,,,,,,,
1829,Bull Shark,Carcharhinus leucas,0,,,,,,,,
1830,Bull Shark,Carcharhinus leucas,0,,,,,,,,
1831,Bull Shark,Carcharhinus leucas,0,,,,,,,,
1832,Bull Shark,Carcharhinus leucas,1,,,,,,,,
1833,Bull Shark,Carcharhinus leucas,0,,,,,,,,
1834,Bull Shark,Carcharhinus leucas,0,,,,,,,,
1835,Bull Shark,Carcharhinus leucas,0,,,,,,,,
1836,Bull Shark,Carcharhinus leucas,0,,,,,,,,
1837,Bull Shark,Carcharhinus leucas,1,,,,,,,,
1838,Bull Shark,Carcharhinus leucas,0,,,,,,,,
1839,Bull Shark,Carcharhinus leucas,0,,,,,,,,
1840,Bull Shark,Carcharhinus leucas,1,,,,,,,,
1841,Bull Shark,Carcharhinus leucas,1,,,,,,,,
1842,Bull Shark,Carcharhinus leucas,0,,,,,,,,
1843,Bull Shark,Carcharhinus leucas,0,,,,,,,,
1844,Bull Shark,Carcharhinus leucas,0,,,,,,,,
1845,Bull Shark,Carcharhinus leucas,0,,,,,,,,
1846,Bull Shark,Carcharhinus leucas,0,,,,,,,,
1847,Bull Shark,Carcharhinus leucas,2,,,,,,,,
1848,Bull Shark,Carcharhinus leucas,0,,,,,,,,
1849,Bull Shark,Carcharhinus leucas,1,,,,,,,,
1850,Bull Shark,Carcharhinus leucas,0,,,,,,,,
1851,Bull Shark,Carcharhinus leucas,0,,,,,,,,
1852,Bull Shark,Carcharhinus leucas,0,,,,,,,,
1853,Bull Shark,Carcharhinus leucas,0,,,,,,,,
1854,Bull Shark,Carcharhinus leucas,0,,,,,,,,
1855,Bull Shark,Carcharhinus leucas,3,,,,,,,,
1856,Bull Shark,Carcharhinus leucas,0,,,,,,,,
1857,Bull Shark,Carcharhinus leucas,0,,,,,,,,
1858,Bull Shark,Carcharhinus leucas,0,,,,,,,,
1859,Bull Shark,Carcharhinus leucas,0,,,,,,,,
1860,Bull Shark,Carcharhinus leucas,0,,,,,,,,
1861,Bull Shark,Carcharhinus leucas,0,,,,,,,,
1862,Bull Shark,Carcharhinus leucas,1,,,,,,,,
1863,Bull Shark,Carcharhinus leucas,1,,,,,,,,
1864,Bull Shark,Carcharhinus leucas,0,,,,,,,,
1865,Bull Shark,Carcharhinus leucas,0,,,,,,,,
1866,Bull Shark,Carcharhinus leucas,0,,,,,,,,
1867,Bull Shark,Carcharhinus leucas,0,,,,,,,,
1868,Bull Shark,Carcharhinus leucas,0,,,,,,,,
1869,Bull Shark,Carcharhinus leucas,1,,,,,,,,
1870,Bull Shark,Carcharhinus leucas,1,,,,,,,,
1871,Bull Shark,Carcharhinus leucas,0,,,,,,,,
1872,Bull Shark,Carcharhinus leucas,0,,,,,,,,
1873,Bull Shark,Carcharhinus leucas,0,,,,,,,,
1874,Bull Shark,Carcharhinus leucas,2,,,,,,,,
1875,Bull Shark,Carcharhinus leucas,1,,,,,,,,
1876,Bull Shark,Carcharhinus leucas,2,,,,,,,,
1877,Bull Shark,Carcharhinus leucas,1,,,,,,,,
1878,Bull Shark,Carcharhinus leucas,1,,,,,,,,
1879,Bull Shark,Carcharhinus leucas,1,,,,,,,,
1880,Bull Shark,Carcharhinus leucas,3,,,,,,,,
1881,Bull Shark,Carcharhinus leucas,3,,,,,,,,
1882,Bull Shark,Carcharhinus leucas,0,,,,,,,,
1883,Bull Shark,Carcharhinus leucas,3,,,,,,,,
1884,Bull Shark,Carcharhinus leucas,0,,,,,,,,
1885,Bull Shark,Carcharhinus leucas,1,,,,,,,,
1886,Bull Shark,Carcharhinus leucas,2,,,,,,,,
1887,Bull Shark,Carcharhinus leucas,1,,,,,,,,
1888,Bull Shark,Carcharhinus leucas,1,,,,,,,,
1889,Bull Shark,Carcharhinus leucas,0,,,,,,,,
1890,Bull Shark,Carcharhinus leucas,0,,,,,,,,
1891,Bull Shark,Carcharhinus leucas,0,,,,,,,,
1892,Bull Shark,Carcharhinus leucas,2,,,,,,,,
1893,Bull Shark,Carcharhinus leucas,0,,,,,,,,
1894,Bull Shark,Carcharhinus leucas,0,,,,,,,,
1895,Bull Shark,Carcharhinus leucas,4,,,,,,,,
1896,Bull Shark,Carcharhinus leucas,1,,,,,,,,
1897,Bull Shark,Carcharhinus leucas,1,,,,,,,,
1898,Bull Shark,Carcharhinus leucas,1,,,,,,,,
1899,Bull Shark,Carcharhinus leucas,2,,,,,,,,
1900,Bull Shark,Carcharhinus leucas,2,,,,,,,,
1901,Bull Shark,Carcharhinus leucas,2,,,,,,,,
1902,Bull Shark,Carcharhinus leucas,1,,,,,,,,
1903,Bull Shark,Carcharhinus leucas,3,,,,,,,,
1904,Bull Shark,Carcharhinus leucas,1,,,,,,,,
1905,Bull Shark,Carcharhinus leucas,1,,,,,,,,
1906,Bull Shark,Carcharhinus leucas,1,,,,,,,,
1907,Bull Shark,Carcharhinus leucas,2,,,,,,,,
1908,Bull Shark,Carcharhinus leucas,0,,,,,,,,
1909,Bull Shark,Carcharhinus leucas,1,,,,,,,,
1910,Bull Shark,Carcharhinus leucas,1,,,,,,,,
1911,Bull Shark,Carcharhinus leucas,0,,,,,,,,
1912,Bull Shark,Carcharhinus leucas,2,,,,,,,,
1913,Bull Shark,Carcharhinus leucas,1,,,,,,,,
1914,Bull Shark,Carcharhinus leucas,3,,,,,,,,
1915,Bull Shark,Carcharhinus leucas,2,,,,,,,,
1916,Bull Shark,Carcharhinus leucas,1,,,,,,,,
1917,Bull Shark,Carcharhinus leucas,0,,,,,,,,
1918,Bull Shark,Carcharhinus leucas,1,,,,,,,,
1919,Bull Shark,Carcharhinus leucas,3,,,,,,,,
1920,Bull Shark,Carcharhinus leucas,2,,,,,,,,
1921,Bull Shark,Carcharhinus leucas,3,,,,,,,,
1922,Bull Shark,Carcharhinus leucas,1,,,,,,,,
1923,Bull Shark,Carcharhinus leucas,3,,,,,,,,
1924,Bull Shark,Carcharhinus leucas,1,,,,,,,,
1925,Bull Shark,Carcharhinus leucas,0,,,,,,,,
1926,Bull Shark,Carcharhinus leucas,1,,,,,,,,
1927,Bull Shark,Carcharhinus leucas,1,,,,,,,,
1928,Bull Shark,Carcharhinus leucas,1,,,,,,,,
1929,Bull Shark,Carcharhinus leucas,4,,,,,,,,
1930,Bull Shark,Carcharhinus leucas,1,,,,,,,,
1931,Bull Shark,Carcharhinus leucas,1,,,,,,,,
1932,Bull Shark,Carcharhinus leucas,2,,,,,,,,
1933,Bull Shark,Carcharhinus leucas,2,,,,,,,,
1934,Bull Shark,Carcharhinus leucas,5,,,,,,,,
1935,Bull Shark,Carcharhinus leucas,0,,,,,,,,
1936,Bull Shark,Carcharhinus leucas,2,,,,,,,,
1937,Bull Shark,Carcharhinus leucas,2,,,,,,,,
1938,Bull Shark,Carcharhinus leucas,1,,,,,,,,
1939,Bull Shark,Carcharhinus leucas,3,,,,,,,,
1940,Bull Shark,Carcharhinus leucas,2,,,,,,,,
1941,Bull Shark,Carcharhinus leucas,1,,,,,,,,
1942,Bull Shark,Carcharhinus leucas,2,,,,,,,,
1943,Bull Shark,Carcharhinus leucas,0,,,,,,,,
1944,Bull Shark,Carcharhinus leucas,0,,,,,,,,
1945,Bull Shark,Carcharhinus leucas,0,,,,,,,,
1946,Bull Shark,Carcharhinus leucas,2,,,,,,,,
1947,Bull Shark,Carcharhinus leucas,3,,,,,,,,
1948,Bull Shark,Carcharhinus leucas,0,,,,,,,,
1949,Bull Shark,Carcharhinus leucas,1,,,,,,,,
1950,Bull Shark,Carcharhinus leucas,1,,,,,,,,
1951,Bull Shark,Carcharhinus leucas,2,,,,,,,,
1952,Bull Shark,Carcharhinus leucas,1,,,,,,,,
1953,Bull Shark,Carcharhinus leucas,0,,,,,,,,
1954,Bull Shark,Carcharhinus leucas,0,,,,,,,,
1955,Bull Shark,Carcharhinus leucas,2,,,,,,,,
1956,Bull Shark,Carcharhinus leucas,1,,,,,,,,
1957,Bull Shark,Carcharhinus leucas,0,,,,,,,,
1958,Bull Shark,Carcharhinus leucas,1,,,,,,,,
1959,Bull Shark,Carcharhinus leucas,1,,,,,,,,
1960,Bull Shark,Carcharhinus leucas,2,,,,,,,,
1961,Bull Shark,Carcharhinus leucas,1,,,,,,,,
1962,Bull Shark,Carcharhinus leucas,0,,,,,,,,
1963,Bull Shark,Carcharhinus leucas,1,,,,,,,,
1964,Bull Shark,Carcharhinus leucas,0,,,,,,,,
1965,Bull Shark,Carcharhinus leucas,0,,,,,,,,
1966,Bull Shark,Carcharhinus leucas,0,,,,,,,,
1967,Bull Shark,Carcharhinus leucas,0,,,,,,,,
1968,Bull Shark,Carcharhinus leucas,1,,,,,,,,
1969,Bull Shark,Carcharhinus leucas,1,,,,,,,,
1970,Bull Shark,Carcharhinus leucas,0,,,,,,,,
1971,Bull Shark,Carcharhinus leucas,0,,,,,,,,
1972,Bull Shark,Carcharhinus leucas,0,,,,,,,,
1973,Bull Shark,Carcharhinus leucas,1,,,,,,,,
1974,Bull Shark,Carcharhinus leucas,0,,,,,,,,
1975,Bull Shark,Carcharhinus leucas,0,,,,,,,,
1976,Bull Shark,Carcharhinus leucas,0,,,,,,,,
1977,Bull Shark,Carcharhinus leucas,1,,,,,,,,
1978,Bull Shark,Carcharhinus leucas,1,,,,,,,,
1979,Bull Shark,Carcharhinus leucas,0,,,,,,,,
1980,Bull Shark,Carcharhinus leucas,0,,,,,,,,
1981,Bull Shark,Carcharhinus leucas,0,,,,,,,,
1982,Bull Shark,Carcharhinus leucas,0,,,,,,,,
1983,Bull Shark,Carcharhinus leucas,0,,,,,,,,
1984,Bull Shark,Carcharhinus leucas,0,,,,,,,,
1985,Bull Shark,Carcharhinus leucas,0,,,,,,,,
1986,Bull Shark,Carcharhinus leucas,0,,,,,,,,
1987,Bull Shark,Carcharhinus leucas,1,,,,,,,,
1988,Bull Shark,Carcharhinus leucas,0,,,,,,,,
1989,Bull Shark,Carcharhinus leucas,2,,,,,,,,
1990,Bull Shark,Carcharhinus leucas,2,,,,,,,,
1991,Bull Shark,Carcharhinus leucas,1,,,,,,,,
1992,Bull Shark,Carcharhinus leucas,1,,,,,,,,
1993,Bull Shark,Carcharhinus leucas,0,,,,,,,,
1994,Bull Shark,Carcharhinus leucas,2,,,,,,,,
1995,Bull Shark,Carcharhinus leucas,3,,,,,,,,
1996,Bull Shark,Carcharhinus leucas,2,,,,,,,,
1997,Bull Shark,Carcharhinus leucas,4,,,,,,,,
1998,Bull Shark,Carcharhinus leucas,0,,,,,,,,
1999,Bull Shark,Carcharhinus leucas,0,,,,,,,,
2000,Bull Shark,Carcharhinus leucas,2,,,,,,,,
2001,Bull Shark,Carcharhinus leucas,0,,,,,,,,
2002,Bull Shark,Carcharhinus leucas,4,,,,,,,,
2003,Bull Shark,Carcharhinus leucas,1,,,,,,,,
2004,Bull Shark,Carcharhinus leucas,0,,,,,,,,
2005,Bull Shark,Carcharhinus leucas,1,,,,,,,,
2006,Bull Shark,Carcharhinus leucas,1,,,,,,,,
2007,Bull Shark,Carcharhinus leucas,2,,,,,,,,
2008,Bull Shark,Carcharhinus leucas,1,,,,,,,,
2009,Bull Shark,Carcharhinus leucas,2,,,,,,,,
2010,Bull Shark,Carcharhinus leucas,2,,,,,,,,
2011,Bull Shark,Carcharhinus leucas,1,,,,,,,,
2012,Bull Shark,Carcharhinus leucas,2,,,,,,,,
2013,Bull Shark,Carcharhinus leucas,0,,,,,,,,
2014,Bull Shark,Carcharhinus leucas,1,,,,,,,,
2015,Bull Shark,Carcharhinus leucas,2,,,,,,,,
2016,Bull Shark,Carcharhinus leucas,1,,,,,,,,
2017,Bull Shark,Carcharhinus leucas,1,,,,,,,,
2018,Bull Shark,Carcharhinus leucas,2,,,,,,,,
2019,Bull Shark,Carcharhinus leucas,2,,,,,,,,
2020,Bull Shark,Carcharhinus leucas,6,,,,,,,,
2021,Bull Shark,Carcharhinus leucas,4,,,,,,,,
2022,Bull Shark,Carcharhinus leucas,2,,,,,,,,
2023,Bull Shark,Carcharhinus leucas,1,,,,,,,,
2024,Bull Shark,Carcharhinus leucas,1,,,,,,,,
